course,run_date,respondent,overall,content,trainer,comment
GenAI for Workplace Productivity,2026-09-12,R01,4,4,5,"Trainer was very engaging. Afternoon hands-on went too fast, couldn't finish the exercise."
GenAI for Workplace Productivity,2026-09-12,R02,3,3,4,"Wanted more examples from my industry (logistics). Examples were mostly marketing."
GenAI for Workplace Productivity,2026-09-12,R03,5,5,5,"Great energy, practical tips I can use tomorrow."
GenAI for Workplace Productivity,2026-09-12,R04,3,3,4,"Could not log in to the lab laptop for first 20 mins. Wifi dropped twice."
GenAI for Workplace Productivity,2026-09-12,R05,4,3,5,"Some screenshots in the slides are outdated, the tool looks different now."
GenAI for Workplace Productivity,2026-09-12,R06,3,3,4,"Hands-on part after lunch was rushed. Need more time to practise."
GenAI for Workplace Productivity,2026-09-12,R07,4,4,5,"Trainer explained clearly and answered every question."
GenAI for Workplace Productivity,2026-09-12,R08,2,2,3,"Too generic. Would like finance/HR use cases."
GenAI for Workplace Productivity,2026-09-12,R09,4,4,4,"Lunch came late so we lost time."
GenAI for Workplace Productivity,2026-09-12,R10,3,3,4,"Exercise 3 was too fast, trainer moved on before most of us were done."
GenAI for Workplace Productivity,2026-09-12,R11,4,3,5,"Slides don't match the current version of the tool."
GenAI for Workplace Productivity,2026-09-12,R12,3,3,4,"Laptop login issues again, wasted time."
GenAI for Workplace Productivity,2026-09-12,R13,5,4,5,"Loved the prompt makeover activity. Trainer made it fun."
GenAI for Workplace Productivity,2026-09-12,R14,3,3,4,"More examples relevant to government/public sector please. Afternoon was rushed."
